{
  "per_seed": [
    {
      "seed": 0,
      "acc_mlp": 0.5,
      "acc_lif": 0.4970000088214874,
      "mi_plugin": 0.910794397764578,
      "null_z": 269.63597372754253,
      "null_p": 0.0
    },
    {
      "seed": 1,
      "acc_mlp": 0.5630000233650208,
      "acc_lif": 0.5630000233650208,
      "mi_plugin": 0.9897508607278294,
      "null_z": 484.1013525865467,
      "null_p": 0.0
    },
    {
      "seed": 2,
      "acc_mlp": 0.4909999966621399,
      "acc_lif": 0.4869999885559082,
      "mi_plugin": 0.9452550286495763,
      "null_z": 320.21243595890553,
      "null_p": 0.0
    }
  ],
  "summary": {
    "mi_plugin_mean": 0.9486000957139945,
    "acc_mlp_mean": 0.5180000066757202,
    "acc_lif_mean": 0.5156666735808054,
    "nerve_wml_comparison": "nerve-wml Test (1) reported MI/H = 0.91-0.96 on the same task. If this frozen-encoder baseline reaches similar MI/H, the VQ protocol contribution to Claim B must be reformulated."
  }
}