{
  "per_seed": [
    {
      "seed": 0,
      "plugin": 0.8734404064495812,
      "mm": 0.8897650803440907,
      "ksg_nats": 3.6494876829110705,
      "ksg_norm": 1.4018046189541773,
      "mine_nats": 2.273091220855713,
      "mine_norm": 0.8731170097162851,
      "null_z": 847.8560597196695,
      "null_p": 0.0,
      "boot_ci95_low": 0.8683012373226027,
      "boot_ci95_high": 0.8803590725395193,
      "h_a": 2.6034210713571393
    },
    {
      "seed": 1,
      "plugin": 0.7916728541254222,
      "mm": 0.8164714700258697,
      "ksg_nats": 3.424262744103432,
      "ksg_norm": 1.2062070530288886,
      "mine_nats": 2.651437129974365,
      "mine_norm": 0.9339768603752768,
      "null_z": 642.3491976258431,
      "null_p": 0.0,
      "boot_ci95_low": 0.7866801333832353,
      "boot_ci95_high": 0.7994231700580426,
      "h_a": 2.838868115971314
    },
    {
      "seed": 2,
      "plugin": 0.7794131036399521,
      "mm": 0.8032358933158277,
      "ksg_nats": 3.642423332634235,
      "ksg_norm": 1.1968646201909972,
      "mine_nats": 2.406091709136963,
      "mine_norm": 0.7906181617605235,
      "null_z": 703.4303181980937,
      "null_p": 0.0,
      "boot_ci95_low": 0.7741066536477601,
      "boot_ci95_high": 0.7875231083821267,
      "h_a": 3.043304373098582
    }
  ],
  "summary": {
    "plugin": 0.8148421214049852,
    "mm": 0.8364908145619294,
    "ksg_norm": 1.2682920973913543,
    "mine_norm": 0.8659040106173618
  }
}