{
  "per_seed": [
    {
      "seed": 0,
      "mi_point": 0.9918481582296597,
      "mi_median": 0.9924926204883765,
      "mi_p25": 0.9913368302724871,
      "mi_p75": 0.9935535022367772,
      "mi_ci95_low": 0.9891766723023246,
      "mi_ci95_high": 0.995219195622989,
      "n_resamples": 1000
    },
    {
      "seed": 1,
      "mi_point": 0.9816504621888695,
      "mi_median": 0.9831790850902262,
      "mi_p25": 0.9815320938864235,
      "mi_p75": 0.9847111642381096,
      "mi_ci95_low": 0.9782938182034261,
      "mi_ci95_high": 0.9874416984130375,
      "n_resamples": 1000
    },
    {
      "seed": 2,
      "mi_point": 0.8221852503895152,
      "mi_median": 0.8236195507548755,
      "mi_p25": 0.8214272975031149,
      "mi_p75": 0.8258415144168039,
      "mi_ci95_low": 0.8168141502078861,
      "mi_ci95_high": 0.8301468903152411,
      "n_resamples": 1000
    }
  ],
  "summary": {
    "mi_point_mean": 0.9318946236026814,
    "mi_ci95_low_min": 0.8168141502078861,
    "mi_ci95_high_max": 0.995219195622989,
    "iqr_width_mean": 0.0032699864098883666,
    "n_seeds": 3,
    "n_resamples": 1000
  }
}