{
  "per_seed": [
    {
      "seed": 0,
      "plugin": 0.656421972523523,
      "mm": 0.6578570269080454,
      "ksg_nats": 1.8456213301939535,
      "mine_nats": 3.523291201591492,
      "h_a": 1.3498066872825776,
      "null_z": 1350.8834552672834,
      "ci95_low": 0.6383621530854999,
      "ci95_high": 0.6783298826265363
    },
    {
      "seed": 1,
      "plugin": 0.6505160349060585,
      "mm": 0.6519476018311967,
      "ksg_nats": 2.1710229048917773,
      "mine_nats": 4.0718344926834105,
      "h_a": 1.3530949694549093,
      "null_z": 1297.0046030117285,
      "ci95_low": 0.6298641531877125,
      "ci95_high": 0.6730559974326894
    },
    {
      "seed": 2,
      "plugin": 0.6811168071319197,
      "mm": 0.6826438215244683,
      "ksg_nats": 1.7897593941391046,
      "mine_nats": 3.884632878303528,
      "h_a": 1.2685184987743026,
      "null_z": 1262.9824621923112,
      "ci95_low": 0.6606526106395709,
      "ci95_high": 0.7037250951328745
    }
  ],
  "summary": {
    "plugin": 0.6626849381871671,
    "mm": 0.6641494834212368,
    "ksg_nats": 1.9354678764082784,
    "mine_nats": 3.8265861908594765,
    "n_subjects": 10,
    "n_seeds": 3
  }
}